{"is_source_file": true, "format": "bash script", "description": "This script automatically detects the type of database backup available (SQLite, PostgreSQL, MySQL, MongoDB) and restores the database accordingly. It handles different database types and connection methods, providing a unified restoration process.", "external_files": ["database_backup.db", "database_backup.sql", "database_backup.archive"], "external_methods": ["cp", "ls", "sudo", "psql", "mysqladmin", "mysql", "mongosh", "mongorestore"], "published": [], "classes": [], "methods": [], "calls": ["cp", "ls", "sudo", "psql", "mysqladmin", "mysql", "mongosh", "mongorestore"], "search-terms": ["restore_db.sh", "database restore script", "DB_NAME", "DB_USER", "DB_PASSWORD", "DB_PORT", "SQLite restore", "PostgreSQL", "MySQL", "MongoDB", "database_backup.sql", "database_backup.db", "database_backup.archive"], "state": 2, "file_id": 2, "knowledge_revision": 12, "git_revision": "60581aec40c6c67709a3c1718390d34bf1f6804a", "hash": "67505395c0df4c9c001ab8f47571f3fb", "format-version": 4, "code-base-name": "food_delivery_database", "filename": "food_delivery_database/restore_db.sh", "revision_history": [{"12": "60581aec40c6c67709a3c1718390d34bf1f6804a"}]}