{"is_source_file": true, "format": "bash/shell script", "description": "A startup script to initialize, start, and configure a PostgreSQL database server, including creating database users, setting permissions, and generating connection instructions.", "external_files": ["/usr/lib/postgresql/${PG_VERSION}/bin/pg_isready", "/usr/lib/postgresql/${PG_VERSION}/bin/initdb", "/usr/lib/postgresql/${PG_VERSION}/bin/postgres", "/usr/lib/postgresql/${PG_VERSION}/bin/psql", "/usr/lib/postgresql/${PG_VERSION}/bin/createdb"], "external_methods": ["pg_isready", "initdb", "postgres", "psql", "createdb"], "published": ["db_connection.txt", "db_visualizer/postgres.env"], "classes": [], "methods": [], "calls": ["ls", "sudo -u postgres pg_isready", "sudo -u postgres psql", "sudo -u postgres initdb", "sudo -u postgres postgres", "sleep", "pgrep", "sudo -u postgres createdb", "cat"], "search-terms": ["startup.sh", "PostgreSQL setup script", "database initialization", "PostgreSQL permissions configuration", "database user creation", "connection string", "environment variables"], "state": 2, "file_id": 3, "knowledge_revision": 11, "git_revision": "60581aec40c6c67709a3c1718390d34bf1f6804a", "hash": "fa2aa67ea0a7c72f7c0958282f15a864", "format-version": 4, "code-base-name": "food_delivery_database", "filename": "food_delivery_database/startup.sh", "revision_history": [{"11": "60581aec40c6c67709a3c1718390d34bf1f6804a"}]}