{"is_source_file": true, "format": "bash", "description": "This is a shell script for automating the backup process of different types of databases (SQLite, PostgreSQL, MySQL, MongoDB). The script detects the running database type and performs the appropriate backup commands.", "external_files": ["/usr/lib/postgresql/", "/var/run/mysqld/mysqld.sock"], "external_methods": ["ls", "cp", "sudo", "pg_isready", "pg_dump", "mysqladmin", "mysql", "mysqldump", "mongosh", "mongodump"], "published": [], "classes": [], "methods": [], "calls": ["ls /usr/lib/postgresql/", "cp ${DB_NAME}", "sudo -u postgres ${PG_BIN}/pg_isready", "${PG_BIN}/pg_dump", "mysqladmin ping -h localhost -P ${DB_PORT}", "sudo mysqladmin ping --socket=/var/run/mysqld/mysqld.sock", "mysql -h localhost -P ${DB_PORT} -u ${DB_USER} -p${DB_PASSWORD}", "mysqldump -h localhost -P ${DB_PORT} -u ${DB_USER}", "mysql -h localhost -P ${DB_PORT} -u root -p${DB_PASSWORD}", "sudo mysql --socket=/var/run/mysqld/mysqld.sock", "mongosh --port ${DB_PORT} --eval \"db.adminCommand('ping')\"", "mongodump --port ${DB_PORT} --db ${DB_NAME}"], "search-terms": ["backup_db.sh", "database backup script", "SQLite backup", "PostgreSQL backup", "MySQL backup", "MongoDB backup", "database detection", "shell script database"], "state": 2, "file_id": 4, "knowledge_revision": 13, "git_revision": "60581aec40c6c67709a3c1718390d34bf1f6804a", "hash": "7af9aa35fa4940f934d83f6e2621b732", "format-version": 4, "code-base-name": "food_delivery_database", "filename": "food_delivery_database/backup_db.sh", "revision_history": [{"13": "60581aec40c6c67709a3c1718390d34bf1f6804a"}]}