{"is_source_file": true, "format": "HTML", "description": "This is an HTML source file for a web-based database viewer interface, including embedded CSS and JavaScript that facilitate browsing and displaying database schemas and data.", "external_files": ["fetch API (via network calls)"], "external_methods": ["fetch()"], "published": [], "classes": [], "methods": [{"name": "loadDatabases", "description": "Fetches list of database names and populates the sidebar."}, {"name": "refreshDatabases", "description": "Refreshes the list of databases, reloading data from the server."}, {"name": "toggleDatabase", "description": "Expands or collapses the database item to show its tables."}, {"name": "loadTables", "description": "Fetches tables for a specific database and displays them."}, {"name": "loadTableData", "description": "Loads data for a selected table and renders it in the main view."}, {"name": "renderTable", "description": "Creates and inserts an HTML table with the queried data."}, {"name": "renderCell", "description": "Renders individual cell content, handling different data types and expansion logic."}, {"name": "expandCell", "description": "Expands or collapses a cell to show full content or a truncated preview."}], "calls": ["fetch", "loadDatabases", "toggleDatabase", "loadTables", "loadTableData", "renderTable", "renderCell", "expandCell"], "search-terms": ["HTML database viewer", "embedded CSS", "JavaScript data fetching", "dynamic table rendering", "expandable cells", "database list", "table display", "AJAX fetch"], "state": 2, "file_id": 6, "knowledge_revision": 14, "git_revision": "60581aec40c6c67709a3c1718390d34bf1f6804a", "hash": "ee63333a4841bf025439c755a74c9881", "format-version": 4, "code-base-name": "food_delivery_database", "filename": "food_delivery_database/db_visualizer/public/index.html", "revision_history": [{"14": "60581aec40c6c67709a3c1718390d34bf1f6804a"}]}