{"is_source_file": false, "format": "", "description": "", "external_files": [], "external_methods": [], "published": [], "classes": [], "methods": [], "calls": [], "search-terms": [], "state": 2, "file_id": 5, "knowledge_revision": 10, "git_revision": "60581aec40c6c67709a3c1718390d34bf1f6804a", "hash": "0c9f36dfd1a6dee9fa952c06ab7d9563", "format-version": 4, "code-base-name": "food_delivery_database", "filename": "food_delivery_database/db_visualizer/package.json", "revision_history": [{"10": "60581aec40c6c67709a3c1718390d34bf1f6804a"}]}