{"is_source_file": false, "format": "", "description": "", "external_files": [], "external_methods": [], "published": [], "classes": [], "methods": [], "calls": [], "search-terms": [], "state": 2, "file_id": 1, "knowledge_revision": 8, "git_revision": "0ccd76e10ef23884045263b4c57faad8e9a12c28", "hash": "4c623da58b7e217cc6fb01e20e29dcf6", "format-version": 4, "code-base-name": "food_delivery_database", "filename": "README.md", "revision_history": [{"8": "0ccd76e10ef23884045263b4c57faad8e9a12c28"}]}